{
  "MAE": 0.7410407467315274,
  "MSE": 0.83827344667289,
  "R2": 0.7137930393218994
}