{"MAE": 0.7840102720572111, "MSE": 0.9263396453000796}